Workbook

Sheet 假设
A1: 故知 · 推理成本假设表
A2: 蓝字 = 可改的硬编码假设。改这里，所有 sheet 自动重算。
A3: 重要：KG 匹配本身是确定性图算法，0 token。token 只花在两处 → 用户输入抽 KG / 高分相遇写对话。
A5: 模型单价（USD / 1M tokens · 2026 春参考价）
A6: 模型 | B6: 档位 | C6: 输入价 | D6: 输出价 | E6: 用于什么 | F6: 备注
A7: Claude Haiku 4.5 | B7: 低档 | C7: 1 | D7: 5 | E7: KG 抽取（用户日常投喂）/ 普通分相遇对话 | F7: Source: Anthropic 定价
A8: Claude Sonnet 4.6 | B8: 中档 | C8: 3 | D8: 15 | E8: Onboarding 时的深度 KG 抽取 / 高分相遇对话 | F8: Source: Anthropic 定价
A9: Claude Opus 4.6 | B9: 顶配 | C9: 15 | D9: 75 | E9: 只用于 L3 顶层高分相遇（占总相遇 ~5%） | F9: Source: Anthropic 定价
A12: DAU 档位 + 用户行为假设
A13: 档位 | B13: DAU | C13: 人均日投喂次数 | D13: 人均日相遇次数 | E13: 高分相遇占比 (Sonnet) | F13: 顶配相遇占比 (Opus)
A14: 早期 | B14: 1000 | C14: 1.5 | D14: 1.2 | E14: 0.18 | F14: 0.05
A15: 成长 | B15: 10000 | C15: 2 | D15: 1.5 | E15: 0.2 | F15: 0.05
A16: 规模 | B16: 100000 | C16: 2.5 | D16: 1.8 | E16: 0.22 | F16: 0.05
A19: Onboarding 假设（每个新用户首次注册时跑一次）
A20: 项目 | B20: 值 | C20: 单位 | D20: 说明
A21: 注册时深度抽取的 token in | B21: 3000 | C21: tokens | D21: 用户首次写下 "最近一直在想的事"，用 Sonnet 一次深度抽取
A22: 注册时深度抽取的 token out | B22: 1500 | C22: tokens | D22: 抽出的结构化 KG 边（JSON）
A23: 月新用户占 DAU 比例 | B23: 0.1 | D23: 假设月新增用户 = DAU 的 10%（成熟期），早期会更高

Sheet 两个 AI 调用点
A1: 故知里只有两个 AI 调用点 · 明细
A2: 所有 KG 匹配、L1/L2/L3 评分、共簇统计、相遇判定、Agent 移动都是确定性算法。0 token。
A4: ① KG 抽取（用户输入 → 结构化边）
A5: 子场景 | B5: 触发时机 | C5: 频率 | D5: in tokens | E5: out tokens | F5: 模型（路由前） | G5: 模型（路由后） | H5: 说明
A6: Onboarding 首次深度抽取 | B6: 注册时 1 次 | C6: 每月新用户 = DAU × 10% | D6: 3000 | E6: 1500 | F6: Sonnet | G6: Sonnet | H6: 保留 Sonnet 抽 — 这一次决定 KG 起点的质量
A7: 日常投喂增量抽取 | B7: 用户每次喂内容时 | C7: DAU × 人均日投喂次数 × 30 | D7: 400 | E7: 200 | F7: Sonnet | G7: Haiku | H7: 短文本增量,Haiku 4.5 完全够
A9: ② 相遇推演（图算法已选定 → AI 写那段对话）
A10: 子场景 | B10: 触发时机 | C10: 频率 | D10: in tokens | E10: out tokens | F10: 模型（路由前） | G10: 模型（路由后） | H10: 说明
A11: 普通分相遇对话 | B11: 普通分相遇 | C11: DAU × 相遇/日 × (1 - 高分%) × 30 | D11: 1500 | E11: 800 | F11: Sonnet | G11: Haiku | H11: 占相遇大头(~80%),Haiku 输出对话已经够好
A12: 高分相遇深度对话 | B12: L1/L2 高分相遇 | C12: DAU × 相遇/日 × (高分% - 顶配%) × 30 | D12: 2500 | E12: 1200 | F12: Sonnet | G12: Sonnet | H12: 高分相遇用 Sonnet 写出更细腻的相遇感
A13: L3 顶配相遇 · 灵魂对话 | B13: L3 高分相遇 | C13: DAU × 相遇/日 × 顶配% × 30 | D13: 3000 | E13: 1500 | F13: Sonnet | G13: Opus | H13: 极少 — 真正的故知时刻用 Opus 升级

Sheet 月成本对比
A1: 月推理成本对比 · 路由前 vs 路由后
A2: 三档 DAU × 两种路由策略 × 5 个 AI 调用子场景。
A4: 早期 · DAU = 1,000
A5: AI 调用子场景 | B5: 月调用量 | C5: 路由前 · 模型 | D5: 路由前 · 月成本 | E5: 路由后 · 模型 | F5: 路由后 · 月成本 | G5: 节省 $ | H5: 节省 %
A6: Onboarding 首次深度抽取 | B6: =假设!B14*假设!B23 -> 100 | C6: Sonnet | D6: =(假设!B14*假设!B23)*(3000*假设!C8+1500*假设!D8)/1000000 -> 3.15 | E6: Sonnet | F6: =(假设!B14*假设!B23)*(3000*假设!C8+1500*假设!D8)/1000000 -> 3.15 | G6: =D6-F6 -> 0 | H6: =IF(D6=0,0,1-F6/D6) -> 0
A7: 日常投喂增量抽取 | B7: =假设!B14*假设!C14*30 -> 45000 | C7: Sonnet | D7: =(假设!B14*假设!C14*30)*(400*假设!C8+200*假设!D8)/1000000 -> 189 | E7: Haiku | F7: =(假设!B14*假设!C14*30)*(400*假设!C7+200*假设!D7)/1000000 -> 63 | G7: =D7-F7 -> 126 | H7: =IF(D7=0,0,1-F7/D7) -> 0.66666667
A8: 普通分相遇对话 | B8: =假设!B14*假设!D14*30*(1-假设!E14) -> 29520 | C8: Sonnet | D8: =(假设!B14*假设!D14*30*(1-假设!E14))*(1500*假设!C8+800*假设!D8)/1000000 -> 487.08 | E8: Haiku | F8: =(假设!B14*假设!D14*30*(1-假设!E14))*(1500*假设!C7+800*假设!D7)/1000000 -> 162.36 | G8: =D8-F8 -> 324.72 | H8: =IF(D8=0,0,1-F8/D8) -> 0.66666667
A9: 高分相遇深度对话 | B9: =假设!B14*假设!D14*30*(假设!E14-假设!F14) -> 4680 | C9: Sonnet | D9: =(假设!B14*假设!D14*30*(假设!E14-假设!F14))*(2500*假设!C8+1200*假设!D8)/1000000 -> 119.34 | E9: Sonnet | F9: =(假设!B14*假设!D14*30*(假设!E14-假设!F14))*(2500*假设!C8+1200*假设!D8)/1000000 -> 119.34 | G9: =D9-F9 -> 0 | H9: =IF(D9=0,0,1-F9/D9) -> 0
A10: L3 顶配 · 灵魂对话 | B10: =假设!B14*假设!D14*30*假设!F14 -> 1800 | C10: Sonnet | D10: =(假设!B14*假设!D14*30*假设!F14)*(3000*假设!C8+1500*假设!D8)/1000000 -> 56.7 | E10: Opus | F10: =(假设!B14*假设!D14*30*假设!F14)*(3000*假设!C9+1500*假设!D9)/1000000 -> 283.5 | G10: =D10-F10 -> -226.8 | H10: =IF(D10=0,0,1-F10/D10) -> -4
A11: 合计 · 月成本 | D11: =SUM(D6:D10) -> 855.27 | F11: =SUM(F6:F10) -> 631.35 | G11: =D11-F11 -> 223.92 | H11: =1-F11/D11 -> 0.26181206
A14: 成长 · DAU = 10,000
A15: AI 调用子场景 | B15: 月调用量 | C15: 路由前 · 模型 | D15: 路由前 · 月成本 | E15: 路由后 · 模型 | F15: 路由后 · 月成本 | G15: 节省 $ | H15: 节省 %
A16: Onboarding 首次深度抽取 | B16: =假设!B15*假设!B23 -> 1000 | C16: Sonnet | D16: =(假设!B15*假设!B23)*(3000*假设!C8+1500*假设!D8)/1000000 -> 31.5 | E16: Sonnet | F16: =(假设!B15*假设!B23)*(3000*假设!C8+1500*假设!D8)/1000000 -> 31.5 | G16: =D16-F16 -> 0 | H16: =IF(D16=0,0,1-F16/D16) -> 0
A17: 日常投喂增量抽取 | B17: =假设!B15*假设!C15*30 -> 600000 | C17: Sonnet | D17: =(假设!B15*假设!C15*30)*(400*假设!C8+200*假设!D8)/1000000 -> 2520 | E17: Haiku | F17: =(假设!B15*假设!C15*30)*(400*假设!C7+200*假设!D7)/1000000 -> 840 | G17: =D17-F17 -> 1680 | H17: =IF(D17=0,0,1-F17/D17) -> 0.66666667
A18: 普通分相遇对话 | B18: =假设!B15*假设!D15*30*(1-假设!E15) -> 360000 | C18: Sonnet | D18: =(假设!B15*假设!D15*30*(1-假设!E15))*(1500*假设!C8+800*假设!D8)/1000000 -> 5940 | E18: Haiku | F18: =(假设!B15*假设!D15*30*(1-假设!E15))*(1500*假设!C7+800*假设!D7)/1000000 -> 1980 | G18: =D18-F18 -> 3960 | H18: =IF(D18=0,0,1-F18/D18) -> 0.66666667
A19: 高分相遇深度对话 | B19: =假设!B15*假设!D15*30*(假设!E15-假设!F15) -> 67500 | C19: Sonnet | D19: =(假设!B15*假设!D15*30*(假设!E15-假设!F15))*(2500*假设!C8+1200*假设!D8)/1000000 -> 1721.25 | E19: Sonnet | F19: =(假设!B15*假设!D15*30*(假设!E15-假设!F15))*(2500*假设!C8+1200*假设!D8)/1000000 -> 1721.25 | G19: =D19-F19 -> 0 | H19: =IF(D19=0,0,1-F19/D19) -> 0
A20: L3 顶配 · 灵魂对话 | B20: =假设!B15*假设!D15*30*假设!F15 -> 22500 | C20: Sonnet | D20: =(假设!B15*假设!D15*30*假设!F15)*(3000*假设!C8+1500*假设!D8)/1000000 -> 708.75 | E20: Opus | F20: =(假设!B15*假设!D15*30*假设!F15)*(3000*假设!C9+1500*假设!D9)/1000000 -> 3543.75 | G20: =D20-F20 -> -2835 | H20: =IF(D20=0,0,1-F20/D20) -> -4
A21: 合计 · 月成本 | D21: =SUM(D16:D20) -> 10921.5 | F21: =SUM(F16:F20) -> 8116.5 | G21: =D21-F21 -> 2805 | H21: =1-F21/D21 -> 0.25683285
A24: 规模 · DAU = 100,000
A25: AI 调用子场景 | B25: 月调用量 | C25: 路由前 · 模型 | D25: 路由前 · 月成本 | E25: 路由后 · 模型 | F25: 路由后 · 月成本 | G25: 节省 $ | H25: 节省 %
A26: Onboarding 首次深度抽取 | B26: =假设!B16*假设!B23 -> 10000 | C26: Sonnet | D26: =(假设!B16*假设!B23)*(3000*假设!C8+1500*假设!D8)/1000000 -> 315 | E26: Sonnet | F26: =(假设!B16*假设!B23)*(3000*假设!C8+1500*假设!D8)/1000000 -> 315 | G26: =D26-F26 -> 0 | H26: =IF(D26=0,0,1-F26/D26) -> 0
A27: 日常投喂增量抽取 | B27: =假设!B16*假设!C16*30 -> 7500000 | C27: Sonnet | D27: =(假设!B16*假设!C16*30)*(400*假设!C8+200*假设!D8)/1000000 -> 31500 | E27: Haiku | F27: =(假设!B16*假设!C16*30)*(400*假设!C7+200*假设!D7)/1000000 -> 10500 | G27: =D27-F27 -> 21000 | H27: =IF(D27=0,0,1-F27/D27) -> 0.66666667
A28: 普通分相遇对话 | B28: =假设!B16*假设!D16*30*(1-假设!E16) -> 4212000 | C28: Sonnet | D28: =(假设!B16*假设!D16*30*(1-假设!E16))*(1500*假设!C8+800*假设!D8)/1000000 -> 69498 | E28: Haiku | F28: =(假设!B16*假设!D16*30*(1-假设!E16))*(1500*假设!C7+800*假设!D7)/1000000 -> 23166 | G28: =D28-F28 -> 46332 | H28: =IF(D28=0,0,1-F28/D28) -> 0.66666667
A29: 高分相遇深度对话 | B29: =假设!B16*假设!D16*30*(假设!E16-假设!F16) -> 918000 | C29: Sonnet | D29: =(假设!B16*假设!D16*30*(假设!E16-假设!F16))*(2500*假设!C8+1200*假设!D8)/1000000 -> 23409 | E29: Sonnet | F29: =(假设!B16*假设!D16*30*(假设!E16-假设!F16))*(2500*假设!C8+1200*假设!D8)/1000000 -> 23409 | G29: =D29-F29 -> 0 | H29: =IF(D29=0,0,1-F29/D29) -> 0
A30: L3 顶配 · 灵魂对话 | B30: =假设!B16*假设!D16*30*假设!F16 -> 270000 | C30: Sonnet | D30: =(假设!B16*假设!D16*30*假设!F16)*(3000*假设!C8+1500*假设!D8)/1000000 -> 8505 | E30: Opus | F30: =(假设!B16*假设!D16*30*假设!F16)*(3000*假设!C9+1500*假设!D9)/1000000 -> 42525 | G30: =D30-F30 -> -34020 | H30: =IF(D30=0,0,1-F30/D30) -> -4
A31: 合计 · 月成本 | D31: =SUM(D26:D30) -> 133227 | F31: =SUM(F26:F30) -> 99915 | G31: =D31-F31 -> 33312 | H31: =1-F31/D31 -> 0.25003941
A35: 跨档摘要
A36: DAU 档位 | B36: DAU | C36: 路由前 月成本 | D36: 路由后 月成本 | E36: 节省 % | F36: 路由前 单 DAU/月 | G36: 路由后 单 DAU/月 | H36: 说明
A37: 早期 | B37: =假设!B14 -> 1000 | C37: =D11 -> 855.27 | D37: =F11 -> 631.35 | E37: =1-F11/D11 -> 0.26181206 | F37: =D11/B37 -> 0.85527 | G37: =F11/B37 -> 0.63135 | H37: POC 早期 · token 主要在 narrate
A38: 成长 | B38: =假设!B15 -> 10000 | C38: =D21 -> 10921.5 | D38: =F21 -> 8116.5 | E38: =1-F21/D21 -> 0.25683285 | F38: =D21/B38 -> 1.09215 | G38: =F21/B38 -> 0.81165 | H38: Phase 2 中期
A39: 规模 | B39: =假设!B16 -> 100000 | C39: =D31 -> 133227 | D39: =F31 -> 99915 | E39: =1-F31/D31 -> 0.25003941 | F39: =D31/B39 -> 1.33227 | G39: =F31/B39 -> 0.99915 | H39: 规模化
A42: 备注 1：本表是 token 推理成本。KG 匹配本身 0 token（确定性图算法），所以这里只列两个真正消耗 token 的调用点。
A43: 备注 2：本表未含基础设施成本（数据库、向量库、K8s、监控）。这些在 DAU 千级时月千美元量级，规模化时月数万美元量级。
